{
  "matrix": [
    [
      0.0339533813845036,
      -1.08434730054978,
      0.0,
      248.98870535024858
    ],
    [
      -0.9824194607118392,
      -0.10773498924325434,
      0.0,
      -128.62566591368756
    ],
    [
      0.0,
      0.0,
      -1.0023094688221714,
      586.311393379523
    ],
    [
      0.0,
      0.0,
      0.0,
      1.0
    ]
  ],
  "matrix_xy": [
    [
      0.0339533813845036,
      -1.08434730054978,
      248.98870535024858
    ],
    [
      -0.9824194607118392,
      -0.10773498924325434,
      -128.62566591368756
    ]
  ],
  "transformation_type": "affine_xy_linear_z",
  "matrix_size": "4x4",
  "calibration_datetime": "2025-11-21T09:12:57.164612",
  "z_mapping": {
    "alpha": -1.0023094688221714,
    "beta": 586.311393379523
  },
  "z_rmse": 0.3706065879169197,
  "calibration_points_count_z": 6,
  "calibration_points_count_xy": 18,
  "xy_rmse_x": 8.537448455539378,
  "xy_rmse_y": 8.984952363741648
}