{
  "matrix": [
    [
      0.031018221502124684,
      -1.0819179804192665,
      0.0,
      249.28168171473573
    ],
    [
      -0.9899604533246258,
      -0.10149359664714813,
      0.0,
      -127.87295305004334
    ],
    [
      0.0,
      0.0,
      -1.0023094688221714,
      586.311393379523
    ],
    [
      0.0,
      0.0,
      0.0,
      1.0
    ]
  ],
  "matrix_xy": [
    [
      0.031018221502124684,
      -1.0819179804192665,
      249.28168171473573
    ],
    [
      -0.9899604533246258,
      -0.10149359664714813,
      -127.87295305004334
    ]
  ],
  "transformation_type": "affine_xy_linear_z",
  "matrix_size": "4x4",
  "calibration_datetime": "2025-11-21T08:58:24.754783",
  "z_mapping": {
    "alpha": -1.0023094688221714,
    "beta": 586.311393379523
  },
  "z_rmse": 0.3706065879169197,
  "calibration_points_count_z": 6,
  "calibration_points_count_xy": 17,
  "xy_rmse_x": 8.762116549276088,
  "xy_rmse_y": 9.101214592438605
}